{
  "version": 1,
  "author": "Yashwanth D",
  "editor": "wokwi",
  "parts": [
    {
      "type": "board-ssd1306",
      "id": "oled1",
      "top": 12.74,
      "left": 182.63,
      "attrs": { "i2cAddress": "0x3c" }
    },
    {
      "type": "wokwi-pushbutton",
      "id": "btn1",
      "top": -41.8,
      "left": -124.8,
      "rotate": 90,
      "attrs": { "color": "green", "xray": "1" }
    },
    { "type": "board-esp32-devkit-c-v4", "id": "esp1", "top": -115.2, "left": 4.84, "attrs": {} },
    { "type": "wokwi-dht22", "id": "dht1", "top": -153.3, "left": 205.8, "attrs": {} }
  ],
  "connections": [
    [ "dht1:GND", "esp1:GND.3", "black", [ "v0" ] ],
    [ "btn1:1.l", "esp1:5", "green", [ "v-45.2", "h118.2", "v96" ] ],
    [ "btn1:2.r", "esp1:GND.1", "green", [ "v0" ] ],
    [ "oled1:VCC", "esp1:3V3", "red", [ "v-28.8", "h-95.85", "v-96", "h-124.95" ] ],
    [ "dht1:VCC", "esp1:3V3", "red", [ "h-48", "v-48" ] ],
    [ "dht1:SDA", "esp1:23", "green", [ "v-9.6", "h-38.3", "v-28.8" ] ],
    [ "oled1:SCL", "esp1:22", "green", [ "v-38.4", "h-66.9", "v-48" ] ],
    [ "oled1:SDA", "esp1:21", "green", [ "h0.07", "v-19.2", "h-124.8", "v-38.4" ] ]
  ],
  "dependencies": {}
}