{
  "version": 1,
  "author": "Shamaim Khan",
  "editor": "wokwi",
  "parts": [
    { "type": "board-esp32-devkit-c-v4", "id": "esp", "top": 0, "left": 43.24, "attrs": {} },
    {
      "type": "wokwi-pushbutton",
      "id": "btn1",
      "top": 133.8,
      "left": -45,
      "rotate": 90,
      "attrs": { "color": "green", "xray": "1" }
    },
    {
      "type": "board-ssd1306",
      "id": "oled1",
      "top": 185.54,
      "left": 240.23,
      "attrs": { "i2cAddress": "0x3c" }
    },
    { "type": "wokwi-dht22", "id": "dht1", "top": -47.7, "left": 311.4, "attrs": {} }
  ],
  "connections": [
    [ "esp:TX", "$serialMonitor:RX", "", [] ],
    [ "esp:RX", "$serialMonitor:TX", "", [] ],
    [ "btn1:1.l", "esp:5", "green", [ "v0" ] ],
    [ "btn1:2.r", "esp:GND.1", "green", [ "v0" ] ],
    [ "dht1:SDA", "esp:23", "green", [ "v0" ] ],
    [ "oled1:SCL", "esp:22", "green", [ "v0" ] ],
    [ "oled1:SDA", "esp:21", "green", [ "v0" ] ],
    [ "dht1:GND", "esp:GND.3", "black", [ "v0" ] ],
    [ "oled1:GND", "esp:GND.3", "black", [ "v0" ] ],
    [ "dht1:VCC", "esp:3V3", "red", [ "h-57.6", "v-67.2", "h-182.55" ] ],
    [ "oled1:VCC", "esp:3V3", "red", [ "v-57.6", "h-86.25", "v-105.6" ] ]
  ],
  "dependencies": {}
}