{
  "version": 1,
  "author": "Shamaim Khan",
  "editor": "wokwi",
  "parts": [
    { "type": "board-esp32-devkit-c-v4", "id": "esp", "top": 0, "left": -4.76, "attrs": {} },
    {
      "type": "wokwi-pushbutton",
      "id": "btn1",
      "top": 207.8,
      "left": -182.4,
      "rotate": 90,
      "attrs": { "color": "green", "xray": "1" }
    },
    {
      "type": "wokwi-pushbutton",
      "id": "btn2",
      "top": 102.2,
      "left": -211.2,
      "rotate": 90,
      "attrs": { "color": "blue", "xray": "1" }
    },
    {
      "type": "wokwi-buzzer",
      "id": "bz1",
      "top": -16.8,
      "left": -123,
      "attrs": { "volume": "0.1" }
    },
    {
      "type": "board-ssd1306",
      "id": "oled1",
      "top": -112.06,
      "left": 153.83,
      "attrs": { "i2cAddress": "0x3c" }
    },
    {
      "type": "wokwi-led",
      "id": "led1",
      "top": 25.2,
      "left": 253.4,
      "attrs": { "color": "yellow" }
    },
    {
      "type": "wokwi-led",
      "id": "led3",
      "top": 140.4,
      "left": 128.6,
      "attrs": { "color": "blue" }
    },
    {
      "type": "wokwi-resistor",
      "id": "r2",
      "top": 225.6,
      "left": 124.25,
      "rotate": 90,
      "attrs": { "value": "1000" }
    },
    {
      "type": "wokwi-resistor",
      "id": "r3",
      "top": 120,
      "left": 268.25,
      "rotate": 90,
      "attrs": { "value": "1000" }
    },
    { "type": "wokwi-led", "id": "led2", "top": 198, "left": 243.8, "attrs": { "color": "red" } },
    {
      "type": "wokwi-resistor",
      "id": "r1",
      "top": 283.2,
      "left": 249.05,
      "rotate": 90,
      "attrs": { "value": "220" }
    }
  ],
  "connections": [
    [ "esp:TX", "$serialMonitor:RX", "", [] ],
    [ "esp:RX", "$serialMonitor:TX", "", [] ],
    [ "led1:A", "r3:1", "green", [ "v0" ] ],
    [ "bz1:1", "esp:GND.2", "green", [ "v0" ] ],
    [ "oled1:VCC", "esp:3V3", "red", [ "v96", "h-9.45" ] ],
    [ "oled1:GND", "esp:GND.2", "black", [ "v0" ] ],
    [ "oled1:SCL", "esp:22", "green", [ "v0" ] ],
    [ "oled1:SDA", "esp:21", "green", [ "v0" ] ],
    [ "bz1:2", "esp:27", "green", [ "v57.6", "h86" ] ],
    [ "r3:2", "esp:18", "green", [ "h-201.6", "v-49.2" ] ],
    [ "led1:C", "esp:GND.3", "green", [ "v19.2", "h-172.4" ] ],
    [ "led3:A", "r2:1", "green", [ "v19.2" ] ],
    [ "r2:2", "esp:19", "green", [ "h-57.6", "v-164.4" ] ],
    [ "led3:C", "esp:GND.3", "green", [ "v-96", "h-47.6" ] ],
    [ "led2:A", "r1:1", "green", [ "v19.2", "h9.6" ] ],
    [ "r1:2", "esp:4", "green", [ "h-182.4", "v-174" ] ],
    [ "led2:C", "esp:GND.3", "green", [ "v-153.6", "h-162.8" ] ],
    [ "btn2:1.r", "esp:GND.1", "green", [ "v0" ] ],
    [ "btn1:1.r", "esp:GND.1", "green", [ "v-112.2", "h137.4" ] ],
    [ "btn2:2.l", "esp:32", "green", [ "v-6.8", "h185.2" ] ],
    [ "btn1:2.l", "esp:33", "green", [ "v-102.8", "h156.4" ] ]
  ],
  "dependencies": {}
}