{
  "version": 1,
  "author": "Shamaim Khan",
  "editor": "wokwi",
  "parts": [
    { "type": "board-esp32-devkit-c-v4", "id": "esp", "top": 0, "left": 0, "attrs": {} },
    { "type": "wokwi-led", "id": "led1", "top": 25.2, "left": 147.8, "attrs": { "color": "red" } },
    {
      "type": "wokwi-pushbutton",
      "id": "btn1",
      "top": 124.2,
      "left": -141,
      "rotate": 90,
      "attrs": { "color": "green", "xray": "1" }
    },
    {
      "type": "wokwi-resistor",
      "id": "r1",
      "top": 128.75,
      "left": 153.6,
      "rotate": 90,
      "attrs": { "value": "420" }
    },
    {
      "type": "wokwi-buzzer",
      "id": "bz1",
      "top": -26.4,
      "left": -132.6,
      "attrs": { "volume": "0.1" }
    },
    {
      "type": "board-ssd1306",
      "id": "oled1",
      "top": -73.66,
      "left": 163.43,
      "attrs": { "i2cAddress": "0x3c" }
    }
  ],
  "connections": [
    [ "esp:TX", "$serialMonitor:RX", "", [] ],
    [ "esp:RX", "$serialMonitor:TX", "", [] ],
    [ "led1:A", "r1:1", "green", [ "v0" ] ],
    [ "r1:2", "esp:27", "green", [ "h0" ] ],
    [ "led1:C", "esp:GND.2", "green", [ "v0" ] ],
    [ "btn1:2.l", "esp:14", "green", [ "h0" ] ],
    [ "btn1:1.r", "esp:GND.1", "green", [ "v0" ] ],
    [ "bz1:2", "esp:3V3", "green", [ "v0" ] ],
    [ "bz1:1", "esp:GND.1", "green", [ "v0" ] ],
    [ "oled1:SDA", "esp:21", "green", [ "v0" ] ],
    [ "oled1:SCL", "esp:22", "green", [ "v0" ] ],
    [ "oled1:VCC", "esp:3V3", "red", [ "v0" ] ],
    [ "oled1:GND", "esp:GND.2", "black", [ "v0" ] ]
  ],
  "dependencies": {}
}